feature,mean,sd,ci_lo,ci_hi,sign_consistency
amihud_zscore,0.1345490334344967,0.26650485057600914,-0.3878004736944812,0.6568985405634746,0.75
amihud_5d_change,-0.27245817833189584,0.14164762179662935,-0.5500875170532893,0.005171160389497664,1.0
cs_spread,-0.04354319305835931,0.13251485957423295,-0.3032723178238559,0.2161859317071373,0.5625
edge,0.07537575428729677,0.19067610227792003,-0.2983494061774265,0.44910091475202,0.75
vix_5d_change,-0.3233131539250056,0.2593656166874842,-0.8316697626324746,0.18504345478246342,1.0
vix_term_ratio,0.3051576565314808,0.24100247682287473,-0.16720719804135364,0.7775225111043153,0.90625
yield_curve_slope,0.35714716116479817,0.2446401736545813,-0.12234757919818118,0.8366419015277775,0.8125
spy_drawdown,1.076892102638734,0.5583832140106498,-0.017538996822139774,2.1713232020996074,1.0
realized_vol_20d,-0.004813140052253723,0.6498386479743502,-1.2784968900819802,1.2688706099774727,0.78125
