horizon_days,base_rate,roc_auc,pr_auc,n
5,0.0877370417193426,0.613677099241519,0.14183744331078385,3955
10,0.1830379746835443,0.6301829180741162,0.268258562599217,3950
20,0.3411167512690355,0.6752613338286008,0.5187629769121129,3940
40,0.5,0.7112900874635568,0.7413754680155162,3920
