metric,point,ci_lo,ci_hi,n_reps
roc_auc,0.6748948572524521,0.5899199316475413,0.7353820112672113,1000
pr_auc,0.5180043205834071,0.37345216618371746,0.6238514085447784,1000
brier,0.229038759923969,0.20281308680256827,0.2647311257440458,1000
