model,n_features,roc_auc,pr_auc,brier,precision,recall,f1,base_rate,n,n_positive
VIX-level baseline,1,0.47310834770941146,0.33376076626213325,0.2893696283083754,0.48148148148148145,0.009219858156028368,0.018093249826026444,0.34609720176730485,4074,1410
Volatility-only,3,0.5259253017462764,0.3703861605879183,0.24128732279769777,0.375,0.29464285714285715,0.33,0.3411167512690355,3940,1344
Liquidity-only,4,0.5415488686807542,0.3546127437976776,0.24627617287356932,0.3912,0.3638392857142857,0.37702390131071706,0.3411167512690355,3940,1344
Full (all 9),9,0.6752613338286008,0.5187629769121129,0.22903024383526494,0.5316804407713499,0.5744047619047619,0.5522174535050072,0.3411167512690355,3940,1344
Full − liquidity,5,0.67199394443833,0.5180430839576846,0.22554228800433526,0.5351194786386676,0.5498511904761905,0.5423853211009174,0.3411167512690355,3940,1344
