{
  "asof": "2026-05-29",
  "n_obs": 3951,
  "base_rate": 0.340167046317388,
  "roc_auc": 0.6748948572524521,
  "pr_auc": 0.5180043205834071,
  "brier": 0.229038759923969,
  "auc_gain_vs_vix": 0.19059791518256702,
  "auc_gain_ci": [
    0.03873752282038855,
    0.3052250781026346
  ],
  "auc_gain_prob_positive": 0.991,
  "n_folds": 32
}