{
  "asof": "2026-05-13",
  "n_obs": 3940,
  "base_rate": 0.3411167512690355,
  "roc_auc": 0.6752613338286008,
  "pr_auc": 0.5187629769121129,
  "brier": 0.22903024383526494,
  "auc_gain_vs_vix": 0.19035896571648692,
  "auc_gain_ci": [
    0.03873752282038855,
    0.3052247847898062
  ],
  "auc_gain_prob_positive": 0.991,
  "n_folds": 32
}