threshold,base_rate,roc_auc,pr_auc,n
0.03,0.45253807106598987,0.6132049690959094,0.5719287917793836,3940
0.05,0.3411167512690355,0.6752613338286008,0.5187629769121129,3940
0.07,0.27588832487309645,0.7264284822928849,0.5151168590837768,3940
0.1,0.2215736040609137,0.7776298781209722,0.5306831074930428,3940
